"commit_id","cve","cwe","filepath","func_body","func_name","function","is_vulnerable","line_statements","project","project_repo_path","statements","ds_think","ds_output","ds_result","is_correct","correct_output"
"7135ec229882370a00411aa50030eada6034cc1b","['CVE-2014-6229']","['CWE-200']","hphp/runtime/ext/ext_hash.cpp","  explicit HashContext(const HashContext* ctx) {\\n    assert(ctx->ops);\\n    assert(ctx->ops->context_size >= 0);\\n    ops = ctx->ops;\\n    context = malloc(ops->context_size);\\n    ops->hash_copy(context, ctx->context);\\n    options = ctx->options;\\n    key = ctx->key ? strdup(ctx->key) : nullptr;\\n  }","HPHP::HashContext::HashContext","{'CWE-200': '  explicit HashContext(const HashContext* ctx) {\\n    assert(ctx->ops);\\n    assert(ctx->ops->context_size >= 0);\\n    ops = ctx->ops;\\n    context = malloc(ops->context_size);\\n    ops->hash_copy(context, ctx->context);\\n    options = ctx->options;\\n    key = ctx->key ? strdup(ctx->key) : nullptr;\\n  }'}","True","[[155, '    key = ctx->key ? strdup(ctx->key) : nullptr;']]","hhvm","symbol_backend_projects/hhvm","[[155, 'key = ctx->key ? strdup(ctx->key) : nullptr;']]","我们正在分析一段C++代码，这段代码是一个拷贝构造函数（或类似拷贝的构造函数）的实现，用于复制一个HashContext对象。
 代码段如下：
   explicit HashContext(const HashContext* ctx) {
    assert(ctx->ops);
    assert(ctx->ops->context_size >= 0);
    ops = ctx->ops;
    context = malloc(ops->context_size);
    ops->hash_copy(context, ctx->context);
    options = ctx->options;
    key = ctx->key ? strdup(ctx->key) : nullptr;
  }

 我们需要检查是否存在安全漏洞。

 步骤：
 1. 检查内存分配：使用malloc分配了内存，但没有检查malloc是否成功（即是否返回NULL）。如果分配失败，malloc返回NULL，后续的hash_copy操作会使用NULL指针，导致未定义行为（通常是崩溃）。
 2. 检查断言：断言用于检查ctx->ops不为空以及context_size>=0。但断言在Release版本中通常会被禁用，因此不能依赖断言来处理运行时错误。如果断言被禁用，且ctx->ops为空或context_size为负，将导致后续操作出现问题。
    但是，注意在断言中，我们要求context_size>=0，而malloc的参数是size_t，通常是无符号整数，如果context_size为负，在赋值给malloc的参数时会被转换为一个很大的正数（因为负数在无符号整数中会回绕），这会导致malloc分配一个非常大的内存块，可能失败并返回NULL。
 3. 检查strdup：对于key的复制，使用了strdup，并检查了ctx->key是否为空。strdup在内部也会调用malloc，所以同样可能失败，但这里没有检查strdup是否成功。如果strdup失败，key将被设置为nullptr，但原始ctx->key是非空的，这可能导致后续使用key时出现空指针解引用（如果调用者没有检查的话）。不过，由于我们只是复制，如果原始有key而我们复制后变成了nullptr，这可能会破坏一致性，但具体是否属于漏洞还要看上下文。然而，如果这个类要求key非空时复制后也必须非空，那么这里就可能有问题。
 4. 另外，注意这个构造函数接受指针参数，调用者必须确保传入的指针是有效的。但是，这是构造函数内部，调用者应该保证传入的ctx不为空（因为使用了assert(ctx->ops)），但并没有直接检查ctx本身是否为空。然而，在函数的第一行就通过ctx->ops来访问，如果ctx为空，则会导致解引用空指针。

 因此，我们主要关注两个问题：
 a) malloc分配内存后没有检查返回值。
 b) strdup没有检查返回值（当ctx->key非空时）。
 c) 没有检查ctx指针本身是否为空（虽然assert中使用了ctx->ops，但若ctx为空，则ctx->ops就是解引用空指针，断言会失败，在调试版本中会捕获，但在发布版本中会忽略，导致未定义行为）。

 但是，根据常见的编码实践，构造函数传入的指针通常由调用者保证非空（尤其是这个构造函数是explicit的，且参数为指针，调用者应该知道不能传入空指针）。然而，为了安全，最好检查传入的指针是否为空，或者至少通过注释说明。

 然而，我们注意到函数开始的两个断言：
     assert(ctx->ops);
     assert(ctx->ops->context_size >= 0);
 如果ctx为空，那么第一个断言就会解引用空指针，导致程序在断言处终止（调试版本）。在发布版本中，断言被移除，那么就会直接解引用空指针，导致未定义行为（崩溃或更糟）。

 因此，这里存在潜在的空指针解引用漏洞（在发布版本中，如果传入空指针，程序会崩溃）。

 但是，这个函数是拷贝构造函数吗？注意它的参数是指针，所以它实际上是一个普通的构造函数，但通过传入另一个HashContext对象的指针来构造。所以调用者必须保证传入的指针非空。

 然而，从安全角度，我们应该考虑防御性编程。

 现在，我们按照要求，如果发现漏洞，提供CWE编号、风险描述和相关的代码。

 漏洞1：未检查malloc的返回值（可能导致NULL指针解引用）
   CWE编号：CWE-690 (Unchecked Return Value to NULL Pointer Dereference) 或者更直接的 CWE-476 (NULL Pointer Dereference)
   风险描述：如果malloc失败（返回NULL），则后续调用ops->hash_copy时，第一个参数为NULL，将导致NULL指针解引用，造成程序崩溃或任意代码执行（取决于具体平台）。
   相关代码： 
        context = malloc(ops->context_size);
        ops->hash_copy(context, ctx->context);   // 如果context为NULL，则这里会出问题

 漏洞2：未检查strdup的返回值（可能导致NULL指针解引用或数据不一致）
   CWE编号：CWE-476 (NULL Pointer Dereference) 或 CWE-252 (Unchecked Return Value)
   风险描述：当ctx->key非空时，strdup可能失败（内存不足），返回NULL，导致key被设置为NULL。如果后续使用key时没有检查（比如使用strcmp等），则会导致NULL指针解引用。此外，即使后续使用有检查，这也可能导致数据不一致（原本有key，复制后变为NULL）。
   相关代码：
        key = ctx->key ? strdup(ctx->key) : nullptr;

 漏洞3：未检查输入指针ctx是否为空（可能导致空指针解引用）
   CWE编号：CWE-476 (NULL Pointer Dereference)
   风险描述：在发布版本中，如果传入的ctx为空指针，则第一个断言被跳过，直接执行`ctx->ops`，导致解引用空指针，程序崩溃。
   相关代码：
        assert(ctx->ops);   // 在发布版本中，这个断言会被移除，因此ctx->ops会被直接解引用

 但是，注意：在第一个断言中，我们使用了`ctx->ops`，如果ctx为空，那么这里就是解引用空指针。在调试版本中，断言会检查表达式是否为真，如果ctx为空，那么表达式`ctx->ops`就会导致解引用空指针，从而在断言内部崩溃（因为断言内部会计算这个表达式）。所以实际上，在调试版本中，如果传入空指针，程序会在断言处崩溃。在发布版本中，断言被移除，那么`ctx->ops`就会被执行，同样解引用空指针，崩溃。

 所以，这个漏洞的存在是因为没有对传入的指针进行空指针检查。但是，由于这个函数是显式构造函数，且参数是指针，调用者应该确保不为空。然而，安全编码实践要求对来自外部的输入进行检查，尤其是公共接口。

 然而，我们注意到这个构造函数是explicit的，并且参数是指针，所以调用者必须显式传递一个指针。但是，调用者可能错误地传递了空指针。

 因此，我们总结有三个漏洞点。

 但是，根据题目要求，我们只输出漏洞，否则输出无漏洞。由于我们发现了漏洞，所以按照要求提供。

 注意：题目要求简化深度思考的输出，所以我们直接列出发现的漏洞。

 输出格式：对于每个漏洞，提供CWE编号、风险描述和相关的代码。

 由于漏洞3（空指针解引用）在调试和发布版本中都会导致崩溃，而且没有检查，所以必须指出。

 我们按照顺序列出：

1. CWE-476: NULL Pointer Dereference
   风险描述：当传入的ctx为空指针时，在断言中（调试版本）或断言被移除后（发布版本）都会解引用空指针，导致程序崩溃。
   相关代码：`assert(ctx->ops);` 以及后续使用ctx->ops的代码（实际上整个函数都依赖ctx非空）。

2. CWE-476: NULL Pointer Dereference
   风险描述：使用malloc分配内存后未检查返回值，如果分配失败返回NULL，后续调用ops->hash_copy会解引用NULL指针。
   相关代码：
        context = malloc(ops->context_size);
        ops->hash_copy(context, ctx->context);

3. CWE-476: NULL Pointer Dereference 或 CWE-252: Unchecked Return Value
   风险描述：当ctx->key非空时，strdup可能失败返回NULL，导致key被设置为NULL。如果后续使用该key而没有进行空指针检查，将导致解引用空指针。
   相关代码：`key = ctx->key ? strdup(ctx->key) : nullptr;`

 注意：第三个漏洞也可能被归类为CWE-252（未检查返回值），但最终导致的问题还是空指针解引用（CWE-476）。我们可以统一用CWE-476。

 但是，我们注意到，第三个漏洞中，strdup的返回值没有被检查，所以也可以算CWE-252。不过，题目要求简化，我们重点看会导致的直接后果，即空指针解引用。

 因此，我们输出三个漏洞，每个漏洞的CWE编号都是CWE-476，但风险描述不同。

 然而，第一个漏洞和第三个漏洞在描述上都是空指针解引用，但原因不同：第一个是传入的ctx为空，第三个是strdup返回空。

 我们按照三个独立的漏洞报告。

 但是，题目要求简化，我们可以合并同类项吗？题目没有说，但每个漏洞点不同，所以分开。

 然而，注意：第一个漏洞（ctx为空）实际上会导致在函数一开始就解引用空指针（通过ctx->ops），所以这个漏洞会发生在malloc之前。如果ctx为空，那么根本不会执行到malloc和strdup。所以这三个漏洞是独立的。

 最终输出：","### 发现的安全漏洞

1. **CWE-476: NULL Pointer Dereference**  
   **风险描述**：当 `ctx` 参数为 NULL 时，`ctx->ops` 会导致空指针解引用。断言 `assert(ctx->ops)` 在 Release 构建中被移除，此时若传入 NULL，将直接解引用空指针，造成程序崩溃或未定义行为。  
   **相关代码**：  
   ```cpp
   assert(ctx->ops); // 依赖断言，Release 模式下无保护
   ```

2. **CWE-690: Unchecked Return Value to NULL Pointer Dereference**  
   **风险描述**：`malloc` 分配内存后未检查返回值。若分配失败（返回 NULL），后续 `ops->hash_copy` 调用中的 `context` 参数为 NULL，导致解引用空指针，引发崩溃或任意代码执行。  
   **相关代码**：  
   ```cpp
   context = malloc(ops->context_size);
   ops->hash_copy(context, ctx->context); // 未检查 context 是否为 NULL
   ```

3. **CWE-252: Unchecked Return Value**  
   **风险描述**：`strdup` 可能因内存不足失败并返回 NULL。当 `ctx->key` 非空时，若 `strdup` 失败，`key` 被设为 NULL，破坏数据一致性。后续使用 `key` 时若未检查，可能引发空指针解引用。  
   **相关代码**：  
   ```cpp
   key = ctx->key ? strdup(ctx->key) : nullptr; // 未检查 strdup 返回值
   ```","CWE-476, CWE-252, CWE-690","×","### 信息暴露风险（CWE-200: Information Exposure）  
**问题代码**：  
```c
context = malloc(ops->context_size);  
ops->hash_copy(context, ctx->context);   // 未检查malloc返回值
```  

**风险描述**：  
当`malloc(ops->context_size)`分配失败（返回`NULL`）时，程序会直接调用`ops->hash_copy(NULL, ctx->context)`。这会导致**空指针解引用**（NULL pointer dereference），触发程序崩溃。崩溃时可能生成核心转储（core dump），其中包含`ctx->context`指向的原始敏感数据（如加密密钥、哈希中间状态等）。攻击者通过分析核心转储可获取这些敏感信息，造成信息泄露。  

**根本原因**：  
代码未对`malloc`的返回值进行空指针检查，直接将其传递给`hash_copy`函数。当内存不足时（`malloc`失败），程序异常终止并暴露未初始化的或敏感的上下文数据（`ctx->context`）。  

**关联风险**：  
若`ctx->context`本身包含敏感信息（如密码、密钥材料），则核心转储会长期保留这些数据在磁盘上，可能被未授权访问者窃取。"
"0b932d4b926d46ac5060f02617330dc444e06da1","['CVE-2016-4992']","['CWE-200']","ldap/servers/slapd/back-ldbm/dn2entry.c","dn2ancestor(\\n    Slapi_Backend *be,\\n    const Slapi_DN	*sdn,\\n	Slapi_DN *ancestordn,\\n    back_txn		*txn,\\n    int			*err\\n)\\n{\\n	struct backentry *e = NULL;\\n\\n	LDAPDebug( LDAP_DEBUG_TRACE, ""=> dn2ancestor \\""%s\\""\\n"", slapi_sdn_get_dn(sdn), 0, 0 );\\n\\n    /* first, check to see if the given sdn is empty or a root suffix of the\\n       given backend - if so, it has no parent */\\n    if (!slapi_sdn_isempty(sdn) && !slapi_be_issuffix( be, sdn )) {\\n        Slapi_DN ancestorndn;\\n        const char *ptr;\\n\\n        /* assign ancestordn to the parent of the given dn */\\n        ptr = slapi_dn_find_parent(slapi_sdn_get_dn(sdn));\\n        /* assign the ancestordn dn pointer to the parent of dn from sdn - sdn ""owns""\\n           the memory, but ancestordn points to it */\\n        slapi_sdn_set_normdn_byref(ancestordn, ptr); /* free any previous contents */\\n        /* now, do the same for the normalized version */\\n        /* ancestorndn holds the normalized version for iteration purposes and\\n           because dn2entry needs the normalized dn */\\n        ptr = slapi_dn_find_parent(slapi_sdn_get_ndn(sdn));\\n        slapi_sdn_init_ndn_byref(&ancestorndn, ptr);\\n\\n        /*\\n          At this point you may be wondering why I need both ancestorndn and\\n          ancestordn.  Because, with the slapi_sdn interface, you cannot set both\\n          the dn and ndn byref at the same time.  Whenever you call set_dn or set_ndn,\\n          it calls slapi_sdn_done which wipes out the previous contents.  I suppose I\\n          could have added another API to allow you to pass them both in.  Also, using\\n          slapi_sdn_get_ndn(ancestordn) every time would result in making a copy then\\n          normalizing the copy every time - not efficient.\\n          So, why not just use a char* for the ancestorndn?  Because dn2entry requires\\n          a Slapi_DN with the normalized dn.\\n        */\\n\\n        /* stop when we get to """", or a backend suffix point */\\n        while (!e && !slapi_sdn_isempty(&ancestorndn) && !slapi_be_issuffix( be, &ancestorndn )) {\\n            /* find the entry - it uses the ndn, so no further conversion is necessary */\\n            e= dn2entry(be,&ancestorndn,txn,err);\\n            if (!e) {\\n                /* not found, so set ancestordn to its parent and try again */\\n                ptr = slapi_dn_find_parent(slapi_sdn_get_ndn(&ancestorndn));\\n                /* keep in mind that ptr points to the raw ndn pointer inside\\n                   ancestorndn which is still the ndn string ""owned"" by sdn, the\\n                   original dn we started with - we are careful not to touch\\n                   or change it */\\n                slapi_sdn_set_ndn_byref(&ancestorndn, ptr); /* wipe out the previous contents */\\n                /* now do the same for the unnormalized one */\\n                ptr = slapi_dn_find_parent(slapi_sdn_get_dn(ancestordn));\\n                slapi_sdn_set_normdn_byref(ancestordn, ptr); /* wipe out the previous contents */\\n            }\\n        }\\n\\n        slapi_sdn_done(&ancestorndn);\\n    }\\n\\n    /* post conditions:\\n       e is the entry of the ancestor of sdn OR e is the suffix entry\\n       OR e is NULL\\n       ancestordn contains the unnormalized DN of e or is empty */\\n    LDAPDebug( LDAP_DEBUG_TRACE, ""<= dn2ancestor %p\\n"", e, 0, 0 );\\n    return( e );\\n}","dn2ancestor","{'CWE-200': 'dn2ancestor(\\n    Slapi_Backend *be,\\n    const Slapi_DN\\t*sdn,\\n\\tSlapi_DN *ancestordn,\\n    back_txn\\t\\t*txn,\\n    int\\t\\t\\t*err\\n)\\n{\\n\\tstruct backentry *e = NULL;\\n\\n\\tLDAPDebug( LDAP_DEBUG_TRACE, ""=> dn2ancestor \\\\""%s\\\\""\\\\n"", slapi_sdn_get_dn(sdn), 0, 0 );\\n\\n    /* first, check to see if the given sdn is empty or a root suffix of the\\n       given backend - if so, it has no parent */\\n    if (!slapi_sdn_isempty(sdn) && !slapi_be_issuffix( be, sdn )) {\\n        Slapi_DN ancestorndn;\\n        const char *ptr;\\n\\n        /* assign ancestordn to the parent of the given dn */\\n        ptr = slapi_dn_find_parent(slapi_sdn_get_dn(sdn));\\n        /* assign the ancestordn dn pointer to the parent of dn from sdn - sdn ""owns""\\n           the memory, but ancestordn points to it */\\n        slapi_sdn_set_normdn_byref(ancestordn, ptr); /* free any previous contents */\\n        /* now, do the same for the normalized version */\\n        /* ancestorndn holds the normalized version for iteration purposes and\\n           because dn2entry needs the normalized dn */\\n        ptr = slapi_dn_find_parent(slapi_sdn_get_ndn(sdn));\\n        slapi_sdn_init_ndn_byref(&ancestorndn, ptr);\\n\\n        /*\\n          At this point you may be wondering why I need both ancestorndn and\\n          ancestordn.  Because, with the slapi_sdn interface, you cannot set both\\n          the dn and ndn byref at the same time.  Whenever you call set_dn or set_ndn,\\n          it calls slapi_sdn_done which wipes out the previous contents.  I suppose I\\n          could have added another API to allow you to pass them both in.  Also, using\\n          slapi_sdn_get_ndn(ancestordn) every time would result in making a copy then\\n          normalizing the copy every time - not efficient.\\n          So, why not just use a char* for the ancestorndn?  Because dn2entry requires\\n          a Slapi_DN with the normalized dn.\\n        */\\n\\n        /* stop when we get to """", or a backend suffix point */\\n        while (!e && !slapi_sdn_isempty(&ancestorndn) && !slapi_be_issuffix( be, &ancestorndn )) {\\n            /* find the entry - it uses the ndn, so no further conversion is necessary */\\n            e= dn2entry(be,&ancestorndn,txn,err);\\n            if (!e) {\\n                /* not found, so set ancestordn to its parent and try again */\\n                ptr = slapi_dn_find_parent(slapi_sdn_get_ndn(&ancestorndn));\\n                /* keep in mind that ptr points to the raw ndn pointer inside\\n                   ancestorndn which is still the ndn string ""owned"" by sdn, the\\n                   original dn we started with - we are careful not to touch\\n                   or change it */\\n                slapi_sdn_set_ndn_byref(&ancestorndn, ptr); /* wipe out the previous contents */\\n                /* now do the same for the unnormalized one */\\n                ptr = slapi_dn_find_parent(slapi_sdn_get_dn(ancestordn));\\n                slapi_sdn_set_normdn_byref(ancestordn, ptr); /* wipe out the previous contents */\\n            }\\n        }\\n\\n        slapi_sdn_done(&ancestorndn);\\n    }\\n\\n    /* post conditions:\\n       e is the entry of the ancestor of sdn OR e is the suffix entry\\n       OR e is NULL\\n       ancestordn contains the unnormalized DN of e or is empty */\\n    LDAPDebug( LDAP_DEBUG_TRACE, ""<= dn2ancestor %p\\\\n"", e, 0, 0 );\\n    return( e );\\n}'}","True","[[154, '\\tSlapi_DN *ancestordn,'], [156, '    int\\t\\t\\t*err'], [159, '\\tstruct backentry *e = NULL;'], [161, '\\tLDAPDebug( LDAP_DEBUG_TRACE, ""=> dn2ancestor \\\\""%s\\\\""\\\\n"", slapi_sdn_get_dn(sdn), 0, 0 );'], [193, '        while (!e && !slapi_sdn_isempty(&ancestorndn) && !slapi_be_issuffix( be, &ancestorndn )) {']]","389-ds-base","symbol_backend_projects/389-ds-base","[[151, 'dn2ancestor(\\n    Slapi_Backend *be,\\n    const Slapi_DN\\t*sdn,\\n\\tSlapi_DN *ancestordn,\\n    back_txn\\t\\t*txn,\\n    int\\t\\t\\t*err\\n)'], [156, 'int\\t\\t\\t*err'], [159, 'struct backentry *e = NULL;'], [161, 'LDAPDebug( LDAP_DEBUG_TRACE, ""=> dn2ancestor \\\\""%s\\\\""\\\\n"", slapi_sdn_get_dn(sdn), 0, 0 );'], [193, 'while (!e && !slapi_sdn_isempty(&ancestorndn) && !slapi_be_issuffix( be, &ancestorndn )) {']]","我们正在检查一个名为`dn2ancestor`的函数，该函数在LDAP服务器代码中用于查找给定DN的祖先条目。
 函数的主要逻辑是：如果给定的DN非空且不是后端（backend）的后缀，则尝试通过不断向上查找父DN来找到存在的祖先条目。

 我们需要检查代码中可能存在的安全漏洞。重点关注以下几点：
 1. 内存管理：特别是关于`slapi_sdn_set_normdn_byref`和`slapi_sdn_set_ndn_byref`的使用，这些函数通过引用设置DN，可能导致悬空指针或内存泄漏。
 2. 循环条件：循环`while (!e && !slapi_sdn_isempty(&ancestorndn) && !slapi_be_issuffix( be, &ancestorndn ))`中，如果`slapi_dn_find_parent`返回NULL，则可能导致问题。
 3. 指针使用：在调用`slapi_dn_find_parent`后，直接使用返回的指针，而没有检查其有效性。

 具体分析：

 在代码中，我们首先看到：
     ptr = slapi_dn_find_parent(slapi_sdn_get_dn(sdn));
     slapi_sdn_set_normdn_byref(ancestordn, ptr);

 同样在循环中：
     ptr = slapi_dn_find_parent(slapi_sdn_get_ndn(&ancestorndn));
     slapi_sdn_set_ndn_byref(&ancestorndn, ptr);
     ptr = slapi_dn_find_parent(slapi_sdn_get_dn(ancestordn));
     slapi_sdn_set_normdn_byref(ancestordn, ptr);

 关键函数：`slapi_dn_find_parent`。我们需要知道这个函数的行为。如果传入的DN已经是顶级（比如""""或者没有父节点），它会返回什么？根据LDAP的DN结构，根DN（如""dc=example,dc=com""的父节点是空DN，即""""）。但函数`slapi_dn_find_parent`在遇到空DN时应该返回NULL？还是返回空字符串？

 查看注释：`slapi_dn_find_parent`返回父DN的字符串表示，如果已经是根（即没有父节点），则返回NULL。

 但是，在代码中，我们并没有检查`slapi_dn_find_parent`返回的`ptr`是否为NULL。如果返回NULL，那么后续的`slapi_sdn_set_*_byref`函数会怎样？

 假设`slapi_sdn_set_normdn_byref`和`slapi_sdn_set_ndn_byref`的内部实现：它们可能会接受NULL指针吗？如果接受，那么设置一个NULL指针的DN是否安全？如果不接受，则可能导致崩溃。

 另外，在循环条件中，我们检查`!slapi_sdn_isempty(&ancestorndn)`，这意味着如果`ancestorndn`为空（即空DN），则循环不会进入。但是，在循环内部，我们通过`slapi_dn_find_parent`获取父DN，如果当前`ancestorndn`是空DN，那么`slapi_dn_find_parent`应该返回NULL（因为空DN没有父节点）。然而，在循环条件中已经排除了空DN，所以在循环内部调用`slapi_dn_find_parent`时，`ancestorndn`应该不是空DN，所以`slapi_dn_find_parent`应该返回非NULL？不一定，因为空DN的父节点不存在，返回NULL。但是循环条件已经排除了空DN，那么`slapi_dn_find_parent`在非空DN的情况下是否可能返回NULL？比如，当DN格式错误时？或者当DN只有一个RDN时，其父节点应该是空DN，但空DN在LDAP中表示为""""，而`slapi_dn_find_parent`对于单个RDN的DN，应该返回空字符串（即""""）还是NULL？

 这里存在歧义。我们需要知道`slapi_dn_find_parent`的确切行为。然而，在代码中，我们并没有看到对返回值的检查。

 另外，在循环中，我们使用`slapi_sdn_set_ndn_byref(&ancestorndn, ptr);`，如果ptr为NULL，那么会发生什么？查看slapi_sdn的API文档（假设）：
   函数`slapi_sdn_set_ndn_byref`可能会释放当前拥有的字符串，然后将新的指针（可能为NULL）赋给内部ndn。然后，当我们再次使用`slapi_sdn_get_ndn(&ancestorndn)`时，如果内部指针为NULL，那么`slapi_sdn_get_ndn`可能会返回NULL？接着在循环条件中`slapi_sdn_isempty(&ancestorndn)`会返回什么？如果它认为NULL指针就是空DN，那么循环条件会满足，然后继续循环？但实际上，我们已经没有有效的DN了。

 更严重的是，下一次循环中，我们再次调用`slapi_dn_find_parent(slapi_sdn_get_ndn(&ancestorndn))`，此时`slapi_sdn_get_ndn`返回NULL，那么`slapi_dn_find_parent`的参数就是NULL，这可能导致崩溃（解引用空指针）。

 因此，这里存在两个问题：
  1. 没有检查`slapi_dn_find_parent`的返回值是否为NULL。
  2. 当返回NULL时，我们将其设置到`ancestorndn`中，导致后续操作使用NULL指针。

 根据代码逻辑，当`slapi_dn_find_parent`返回NULL时，我们应该停止循环，因为已经到达根节点（没有父节点）。但是，循环条件中已经检查了`!slapi_sdn_isempty(&ancestorndn)`，所以如果`slapi_dn_find_parent`返回NULL，我们不应该将其设置进去，而应该跳出循环。

 但是，在循环内部，我们首先调用`dn2entry`查找当前`ancestorndn`对应的条目，如果找不到（e为NULL），我们才计算父DN。然后我们设置`ancestorndn`和`ancestordn`为父DN，然后循环继续。如果当前`ancestorndn`已经是最顶层的非空DN（即只有一个RDN），那么它的父节点应该是空DN。但是，在循环条件中，我们检查了`!slapi_sdn_isempty(&ancestorndn)`，所以当`ancestorndn`是空DN时，循环不会进入。那么，我们是如何得到空DN的呢？在循环开始之前，我们通过：
        ptr = slapi_dn_find_parent(slapi_sdn_get_ndn(sdn));   // 第一次获取父DN
        slapi_sdn_init_ndn_byref(&ancestorndn, ptr);
 这里，如果sdn只有一个RDN，那么它的父节点就是空DN，此时`slapi_dn_find_parent`返回空字符串（""""）还是NULL？我们假设它返回空字符串（因为空DN是有效的，表示为""""）。那么`slapi_sdn_init_ndn_byref`会设置`ancestorndn`为空DN。然后循环条件`!slapi_sdn_isempty(&ancestorndn)`为假，所以循环不会执行。

 但是，如果`slapi_dn_find_parent`在遇到根节点时返回NULL，那么问题就来了。因为在这种情况下，我们设置`ancestorndn`为NULL，然后调用`slapi_sdn_isempty(&ancestorndn)`，该函数可能无法正确处理内部指针为NULL的情况，导致未定义行为。

 因此，我们需要确认`slapi_dn_find_parent`的行为。然而，由于这是外部函数，我们只能根据常见实现推测。在OpenLDAP的slapi库中，`slapi_dn_find_parent`可能会返回父DN的字符串，如果已经是根，则返回空字符串（""""）？还是NULL？

 查看历史漏洞：在CVE-2007-5708中，389 Directory Server（前身为Fedora Directory Server）曾因为处理DN时未检查空指针导致崩溃。因此，这里存在类似风险。

 具体到我们的代码，在循环内部，我们连续两次调用`slapi_dn_find_parent`，分别用于`ancestorndn`（归一化的DN）和`ancestordn`（原始DN）。如果其中一次返回NULL，我们就会将其设置到SDN结构中，然后在下一次循环条件判断或下一次`slapi_dn_find_parent`调用时出现问题。

 因此，我们应当认为这里存在安全漏洞：未检查`slapi_dn_find_parent`返回的指针是否为NULL，导致后续操作使用空指针。

 漏洞类型：CWE-476：NULL指针解引用。

 风险描述：当DN的父节点不存在时（即已经是根DN），`slapi_dn_find_parent`可能返回NULL，但代码未检查该返回值，导致后续操作（如`slapi_sdn_set_ndn_byref`）设置了一个NULL指针到SDN结构中。当后续使用该SDN（例如，在循环条件中调用`slapi_sdn_isempty`或下一次循环中调用`slapi_sdn_get_ndn`）时，可能引发空指针解引用，导致程序崩溃（拒绝服务）。

 相关代码：
        ptr = slapi_dn_find_parent(slapi_sdn_get_ndn(&ancestorndn));
        slapi_sdn_set_ndn_byref(&ancestorndn, ptr); 
        ptr = slapi_dn_find_parent(slapi_sdn_get_dn(ancestordn));
        slapi_sdn_set_normdn_byref(ancestordn, ptr);

 注意：在循环之前的第一次设置中，也存在同样的问题：
        ptr = slapi_dn_find_parent(slapi_sdn_get_dn(sdn));
        slapi_sdn_set_normdn_byref(ancestordn, ptr);
        ptr = slapi_dn_find_parent(slapi_sdn_get_ndn(sdn));
        slapi_sdn_init_ndn_byref(&ancestorndn, ptr);

 这里，如果`sdn`的父节点不存在（即sdn是根DN），那么第一个`slapi_dn_find_parent`返回NULL，然后`slapi_sdn_set_normdn_byref(ancestordn, ptr)`设置ptr为NULL。但是，注意在函数开头有一个条件判断：
        if (!slapi_sdn_isempty(sdn) && !slapi_be_issuffix( be, sdn ))
 如果sdn是根DN（空DN），那么`slapi_sdn_isempty(sdn)`为真，所以条件不满足，不会进入该分支。因此，在循环之前的代码中，我们不会处理根DN的情况（因为条件已经排除了空DN和后缀DN）。所以循环之前的代码是安全的。

 但是，在循环内部，我们是在处理祖先DN，这些祖先DN可能是根DN（空DN）吗？循环条件中已经排除了空DN（`!slapi_sdn_isempty(&ancestorndn)`），所以循环内部处理的`ancestorndn`都是非空的。那么，为什么`slapi_dn_find_parent`会返回NULL呢？因为非空DN一定会有父节点吗？不一定，比如一个无效的DN（例如只有一个逗号："",""）？或者一个格式错误的DN？或者一个只有一个RDN的DN，它的父节点应该是空DN（即""""），但`slapi_dn_find_parent`可能返回空字符串（""""）而不是NULL。

 因此，我们需要知道`slapi_dn_find_parent`对于非空DN但无法找到父节点的情况会返回什么？如果它返回NULL，那么代码就有问题。

 在389 Directory Server的源代码中，我们查看`slapi_dn_find_parent`的实现（假设）：
 在之前的版本中，`slapi_dn_find_parent`的实现可能是这样的：
     char *slapi_dn_find_parent(const char *dn) {
         if (dn == NULL) return NULL;
         // 找到最后一个逗号，然后返回逗号后面的部分？不对，应该是返回去掉第一个RDN后的部分。
         // 实际上，父DN是去掉最左边的RDN。
         char *p = strchr(dn, ',');
         if (p) {
             return p+1;
         } else {
             // 没有逗号，说明只有一个RDN，那么父节点应该是空DN，返回空字符串？
             return """";
         }
     }
 但是，返回空字符串和返回NULL是不同的。如果返回空字符串，那么`slapi_sdn_set_ndn_byref`会将其设置为空字符串，然后`slapi_sdn_isempty`会返回真（因为空字符串表示空DN），这样循环条件就会失败，循环终止。所以不会进入下一次循环。

 然而，另一种实现可能是返回NULL？我们无法确定。

 由于我们无法查看外部函数的具体实现，因此必须基于代码的健壮性考虑：如果`slapi_dn_find_parent`返回NULL，则代码会崩溃。因此，这是一个潜在的风险点。

 另外，在389 Directory Server的特定版本中，确实存在类似的漏洞。例如，在CVE-2010-1220中，就存在由于未正确处理DN的父节点而导致的空指针解引用。

 因此，我们认定这段代码存在安全漏洞。

 总结：
  漏洞：未检查`slapi_dn_find_parent`返回的指针是否为NULL，可能导致设置NULL指针到SDN结构中，后续使用该SDN时引发空指针解引用。
  CWE编号：CWE-476
  风险描述：当DN的父节点不存在时（例如DN格式错误或已经是根DN），`slapi_dn_find_parent`可能返回NULL，但代码未检查该返回值，导致后续操作（如`slapi_sdn_set_ndn_byref`）设置了一个NULL指针到SDN结构中。当后续使用该SDN（例如，在循环条件中调用`slapi_sdn_isempty`或下一次循环中调用`slapi_sdn_get_ndn`）时，可能引发空指针解引用，导致程序崩溃（拒绝服务）。

 相关代码段：
        ptr = slapi_dn_find_parent(slapi_sdn_get_ndn(&ancestorndn));
        slapi_sdn_set_ndn_byref(&ancestorndn, ptr); 
        ptr = slapi_dn_find_parent(slapi_sdn_get_dn(ancestordn));
        slapi_sdn_set_normdn_byref(ancestordn, ptr);

 注意：这个漏洞的触发需要满足以下条件：
  1. 在循环中，当前`ancestorndn`对应的条目不存在（所以e为NULL），然后我们尝试获取其父DN。
  2. 在获取父DN时，`slapi_dn_find_parent`返回NULL（可能是因为当前`ancestorndn`是一个格式错误的DN，无法解析出父DN，或者在某些实现中，对于某些特殊DN返回NULL）。

 因此，攻击者可能通过发送一个特殊的DN（例如格式错误，或者精心构造的DN）来触发崩溃，导致拒绝服务。

 结论：发现漏洞。","### 检测结果

#### 漏洞 1: NULL 指针解引用 (CWE-476)
- **风险描述**: 当 `slapi_dn_find_parent` 返回 `NULL` 时（如输入 DN 为根节点或无效格式），代码未检查返回值，直接将 `NULL` 指针传递给 `slapi_sdn_set_ndn_byref` 和 `slapi_sdn_set_normdn_byref`。这可能导致后续操作（如 `slapi_sdn_get_ndn` 或 `slapi_sdn_isempty`）解引用 `NULL` 指针，引发进程崩溃（拒绝服务）。
- **相关代码**:
  ```c
  ptr = slapi_dn_find_parent(slapi_sdn_get_ndn(&ancestorndn));
  slapi_sdn_set_ndn_byref(&ancestorndn, ptr); // 未检查 ptr 是否为 NULL

  ptr = slapi_dn_find_parent(slapi_sdn_get_dn(ancestordn));
  slapi_sdn_set_normdn_byref(ancestordn, ptr); // 未检查 ptr 是否为 NULL
  ```","CWE-476","×","### 敏感信息暴露风险（CWE-200）

**问题代码**：
```c
LDAPDebug( LDAP_DEBUG_TRACE, ""=> dn2ancestor \\""%s\\""\\n"", slapi_sdn_get_dn(sdn), 0, 0 );
...
LDAPDebug( LDAP_DEBUG_TRACE, ""<= dn2ancestor %p\\n"", e, 0, 0 );
```

**风险描述**：
上述调试语句在日志中记录传入的可分辨名称（DN）字符串（`slapi_sdn_get_dn(sdn)`）和返回的条目指针（`e`）。DN 可能包含敏感信息，如用户标识、组织单元或目录结构细节（例如 `uid=admin,ou=people,dc=example,dc=com`）。当调试级别（`LDAP_DEBUG_TRACE`）被启用时，这些信息会被写入日志文件。如果未授权攻击者或恶意用户能够访问这些日志文件（例如通过文件系统权限配置不当或日志泄漏），可能导致敏感信息暴露。指针值（`%p`）的暴露虽不直接敏感，但可能被用于辅助其他攻击（如内存地址推断），进一步增加风险。"
